DECK;#;Nome da Carta;Tipo;Nível;Efeito;Ataque;Defesa;Cura;Char Count;Descrição da Imagem (Prompt IA)
Pacto das Sombras  ·  Porter  ·  Controlador / Sombrio;1;Toque Sombrio;Ataque;Baixo;Cause 3 de dano em um oponente.;3;;;31  ✓;Mão espectral emergindo das sombras, brilho roxo-escuro, dedos alongados como garras. Fundo de névoa negra. Estilo fantasy realismo épico.
Pacto das Sombras  ·  Porter  ·  Controlador / Sombrio;2;Toque Sombrio;Ataque;Baixo;Cause 3 de dano em um oponente.;3;;;31  ✓;Mão espectral emergindo das sombras, brilho roxo-escuro, dedos alongados como garras. Fundo de névoa negra. Estilo fantasy realismo épico.
Pacto das Sombras  ·  Porter  ·  Controlador / Sombrio;3;Toque Sombrio;Ataque;Baixo;Cause 3 de dano em um oponente.;3;;;31  ✓;Mão espectral emergindo das sombras, brilho roxo-escuro, dedos alongados como garras. Fundo de névoa negra. Estilo fantasy realismo épico.
Pacto das Sombras  ·  Porter  ·  Controlador / Sombrio;4;Sombra Cortante;Ataque;Baixo;Cause 2 de dano. Se você tiver 3 ou menos cartas na mão, cause +2 (total 4).;2;;;76  ✓;Lâmina de sombra sólida cortando o ar, rastro de fumaça escura. Ambiente de masmorra com pouca luz. Iluminação dramática lateral.
Pacto das Sombras  ·  Porter  ·  Controlador / Sombrio;5;Sombra Cortante;Ataque;Baixo;Cause 2 de dano. Se você tiver 3 ou menos cartas na mão, cause +2 (total 4).;2;;;76  ✓;Lâmina de sombra sólida cortando o ar, rastro de fumaça escura. Ambiente de masmorra com pouca luz. Iluminação dramática lateral.
Pacto das Sombras  ·  Porter  ·  Controlador / Sombrio;6;Sombra Cortante;Ataque;Baixo;Cause 2 de dano. Se você tiver 3 ou menos cartas na mão, cause +2 (total 4).;2;;;76  ✓;Lâmina de sombra sólida cortando o ar, rastro de fumaça escura. Ambiente de masmorra com pouca luz. Iluminação dramática lateral.
Pacto das Sombras  ·  Porter  ·  Controlador / Sombrio;7;Dreno de Alma;Ataque;Baixo;Cause 2 de dano. Cure 2 de vida.;2;;2;32  ✓;Mão espectral envolvendo coração pulsante, luz vermelha sendo drenada em espiral. Atmosfera sombria e mística. Fundo escuro.
Pacto das Sombras  ·  Porter  ·  Controlador / Sombrio;8;Dreno de Alma;Ataque;Baixo;Cause 2 de dano. Cure 2 de vida.;2;;2;32  ✓;Mão espectral envolvendo coração pulsante, luz vermelha sendo drenada em espiral. Atmosfera sombria e mística. Fundo escuro.
Pacto das Sombras  ·  Porter  ·  Controlador / Sombrio;9;Crepúsculo;Ataque;Baixo;Cause 2 de dano em todos os oponentes.;2;;;38  ✓;Pôr do sol com tons de roxo e laranja, sombras se alongando pelo chão de uma taverna vazia. Sensação de fim de ciclo.
Pacto das Sombras  ·  Porter  ·  Controlador / Sombrio;10;Crepúsculo;Ataque;Baixo;Cause 2 de dano em todos os oponentes.;2;;;38  ✓;Pôr do sol com tons de roxo e laranja, sombras se alongando pelo chão de uma taverna vazia. Sensação de fim de ciclo.
Pacto das Sombras  ·  Porter  ·  Controlador / Sombrio;11;Lâmina das Sombras;Ataque;Médio;Cause 4 de dano. Descarte 1 carta da sua mão após o uso.;4;;;56  ✓;Guerreiro encapuzado empunhando duas lâminas negras, posição de ataque, capa esvoaçante. Fundo de tempestade noturna.
Pacto das Sombras  ·  Porter  ·  Controlador / Sombrio;12;Lâmina das Sombras;Ataque;Médio;Cause 4 de dano. Descarte 1 carta da sua mão após o uso.;4;;;56  ✓;Guerreiro encapuzado empunhando duas lâminas negras, posição de ataque, capa esvoaçante. Fundo de tempestade noturna.
Pacto das Sombras  ·  Porter  ·  Controlador / Sombrio;13;Espectro Voraz;Ataque;Médio;Cause 3 de dano. Se o oponente tiver 10 ou menos de vida, cause +2 (total 5).;3;;;77  ✓;Espectro translúcido com expressão faminta, braços estendidos, corpo de névoa esverdeada. Cenário de cemitério medieval.
Pacto das Sombras  ·  Porter  ·  Controlador / Sombrio;14;Espectro Voraz;Ataque;Médio;Cause 3 de dano. Se o oponente tiver 10 ou menos de vida, cause +2 (total 5).;3;;;77  ✓;Espectro translúcido com expressão faminta, braços estendidos, corpo de névoa esverdeada. Cenário de cemitério medieval.
Pacto das Sombras  ·  Porter  ·  Controlador / Sombrio;15;Manto da Noite;Defesa;Baixo;🛡️×3. No próximo turno, compre 1 carta.;;3;;39  ✓;Manto negro se estendendo infinitamente, estrelas distantes sendo engolidas pelo tecido. Proteção e mistério profundo.
Pacto das Sombras  ·  Porter  ·  Controlador / Sombrio;16;Manto da Noite;Defesa;Baixo;🛡️×3. No próximo turno, compre 1 carta.;;3;;39  ✓;Manto negro se estendendo infinitamente, estrelas distantes sendo engolidas pelo tecido. Proteção e mistério profundo.
Pacto das Sombras  ·  Porter  ·  Controlador / Sombrio;17;Abismo;Defesa;Baixo;🛡️×2. Se você tiver 10 ou menos de vida, absorve +2 (total 4).;;2;;62  ✓;Vórtice de escuridão com bordas roxas, sugando fragmentos de luz. Fundo de abismo sem fim, sensação de profundidade infinita.
Pacto das Sombras  ·  Porter  ·  Controlador / Sombrio;18;Abismo;Defesa;Baixo;🛡️×2. Se você tiver 10 ou menos de vida, absorve +2 (total 4).;;2;;62  ✓;Vórtice de escuridão com bordas roxas, sugando fragmentos de luz. Fundo de abismo sem fim, sensação de profundidade infinita.
Pacto das Sombras  ·  Porter  ·  Controlador / Sombrio;19;Escuridão Protetora;Defesa;Médio;🛡️×4. Quando destruída, cause 1 de dano ao atacante.;;4;;52  ✓;Escudo de sombra sólida com tentáculos escuros nas bordas prontos para contra-atacar. Iluminação dramática de baixo.
Pacto das Sombras  ·  Porter  ·  Controlador / Sombrio;20;Regeneração Sombria;Cura;Baixo;Cure 3 de vida. Se você tiver 3 ou menos cartas na mão, cure +2 (total 5).;;;3;74  ✓;Mãos escuras envolvendo um cálice com líquido negro que brilha em vermelho. Energia sombria sendo regenerada.
Pacto das Sombras  ·  Porter  ·  Controlador / Sombrio;21;Regeneração Sombria;Cura;Baixo;Cure 3 de vida. Se você tiver 3 ou menos cartas na mão, cure +2 (total 5).;;;3;74  ✓;Mãos escuras envolvendo um cálice com líquido negro que brilha em vermelho. Energia sombria sendo regenerada.
Pacto das Sombras  ·  Porter  ·  Controlador / Sombrio;22;Pacto de Sangue;Cura;Médio;Cure 5 de vida. Você sofre 1 de dano.;;;5;37  ✓;Pergaminho com selo de sangue vermelho, mãos realizando pacto sombrio. Luz de velas tremulantes ao fundo. Atmosfera solene.
Pacto das Sombras  ·  Porter  ·  Controlador / Sombrio;23;Pacto Selado;Habilidade;Baixo;Compre 2 cartas. Depois, descarte 1 carta da sua mão.;;;;53  ✓;Mãos escuras segurando pergaminho que brilha em dourado, símbolos arcanos flutuando ao redor. Câmara subterrânea ao fundo.
Pacto das Sombras  ·  Porter  ·  Controlador / Sombrio;24;Pacto Selado;Habilidade;Baixo;Compre 2 cartas. Depois, descarte 1 carta da sua mão.;;;;53  ✓;Mãos escuras segurando pergaminho que brilha em dourado, símbolos arcanos flutuando ao redor. Câmara subterrânea ao fundo.
Pacto das Sombras  ·  Porter  ·  Controlador / Sombrio;25;Sussurros;Habilidade;Baixo;Olhe a mão de um oponente. Escolha 1 carta para ele descartar.;;;;62  ✓;Vozes etéreas saindo de fendas negras, orelhas fantasmagóricas captando sussurros. Ambiente de silêncio tenso e escuridão.
Pacto das Sombras  ·  Porter  ·  Controlador / Sombrio;26;Sussurros;Habilidade;Baixo;Olhe a mão de um oponente. Escolha 1 carta para ele descartar.;;;;62  ✓;Vozes etéreas saindo de fendas negras, orelhas fantasmagóricas captando sussurros. Ambiente de silêncio tenso e escuridão.
Pacto das Sombras  ·  Porter  ·  Controlador / Sombrio;27;Necromancia;Habilidade;Baixo;Pegue 1 carta da sua pilha de descartes e coloque na mão.;;;;57  ✓;Grimório antigo aberto com páginas brilhando em verde fantasmagórico, almas emergindo do livro. Câmara de necromante.
Pacto das Sombras  ·  Porter  ·  Controlador / Sombrio;28;Espiral das Sombras;Habilidade;Médio;Todos os oponentes descartam 1 carta.;;;;37  ✓;Vórtice de escuridão sugando cartas e objetos como buraco negro mágico. Cenário de biblioteca em ruínas iluminada por velas.
Pacto das Sombras  ·  Porter  ·  Controlador / Sombrio;29;Eclipse;Especial;Alto;Cause 4 de dano em todos os oponentes. Descarte sua mão após o uso.;4;;;67  ✓;Sol negro cobrindo sol dourado, raios de luz sendo puxados para dentro da escuridão. Céu em tons de roxo e laranja intenso.
Pacto das Sombras  ·  Porter  ·  Controlador / Sombrio;30;Último Pacto;Especial;Alto;Cause 6 de dano. Você sofre 2 de dano. Só pode usar se tiver 5 ou menos de vida.;6;;;80  ✓;Mão esquelética emergindo das sombras, segurando pergaminho com selo de sangue. Chamas negras ao redor. Atmosfera de sacrifício.
Sangue de Druida  ·  Irish Red Ale  ·  Equilibrado / Conector;1;Garra do Lobo;Ataque;Baixo;Cause 2 de dano. Se você jogou outra carta neste turno, cause +1 (total 3).;2;;;75  ✓;Lobo sombrio em posição de ataque, garras com brilho verde-esmeralda. Fundo de floresta noturna densa. Iluminação lunar.
Sangue de Druida  ·  Irish Red Ale  ·  Equilibrado / Conector;2;Garra do Lobo;Ataque;Baixo;Cause 2 de dano. Se você jogou outra carta neste turno, cause +1 (total 3).;2;;;75  ✓;Lobo sombrio em posição de ataque, garras com brilho verde-esmeralda. Fundo de floresta noturna densa. Iluminação lunar.
Sangue de Druida  ·  Irish Red Ale  ·  Equilibrado / Conector;3;Garra do Lobo;Ataque;Baixo;Cause 2 de dano. Se você jogou outra carta neste turno, cause +1 (total 3).;2;;;75  ✓;Lobo sombrio em posição de ataque, garras com brilho verde-esmeralda. Fundo de floresta noturna densa. Iluminação lunar.
Sangue de Druida  ·  Irish Red Ale  ·  Equilibrado / Conector;4;Toque da Vida;Ataque;Baixo;Cause 2 de dano. Cure 1 de vida.;2;;1;32  ✓;Mãos de druida com luz verde, energia fluindo entre ataque e cura simultaneamente. Equilíbrio entre forças opostas na floresta.
Sangue de Druida  ·  Irish Red Ale  ·  Equilibrado / Conector;5;Toque da Vida;Ataque;Baixo;Cause 2 de dano. Cure 1 de vida.;2;;1;32  ✓;Mãos de druida com luz verde, energia fluindo entre ataque e cura simultaneamente. Equilíbrio entre forças opostas na floresta.
Sangue de Druida  ·  Irish Red Ale  ·  Equilibrado / Conector;6;Eco da Floresta;Ataque;Baixo;Cause 2 de dano em todos os oponentes. Cure 1 de vida.;2;;1;54  ✓;Ondas de energia verde irradiando de árvore anciã, curando quem lança e causando impacto ao redor. Clarão de luz solar.
Sangue de Druida  ·  Irish Red Ale  ·  Equilibrado / Conector;7;Eco da Floresta;Ataque;Baixo;Cause 2 de dano em todos os oponentes. Cure 1 de vida.;2;;1;54  ✓;Ondas de energia verde irradiando de árvore anciã, curando quem lança e causando impacto ao redor. Clarão de luz solar.
Sangue de Druida  ·  Irish Red Ale  ·  Equilibrado / Conector;8;Investida do Urso;Ataque;Médio;Cause 3 de dano. Se você jogou 2 ou mais cartas neste turno, cause +2 (total 5).;3;;;80  ✓;Urso enorme investindo com força bruta, musgo e terra voando ao redor. Sensação de poder bruto e impacto devastador.
Sangue de Druida  ·  Irish Red Ale  ·  Equilibrado / Conector;9;Investida do Urso;Ataque;Médio;Cause 3 de dano. Se você jogou 2 ou mais cartas neste turno, cause +2 (total 5).;3;;;80  ✓;Urso enorme investindo com força bruta, musgo e terra voando ao redor. Sensação de poder bruto e impacto devastador.
Sangue de Druida  ·  Irish Red Ale  ·  Equilibrado / Conector;10;Investida do Urso;Ataque;Médio;Cause 3 de dano. Se você jogou 2 ou mais cartas neste turno, cause +2 (total 5).;3;;;80  ✓;Urso enorme investindo com força bruta, musgo e terra voando ao redor. Sensação de poder bruto e impacto devastador.
Sangue de Druida  ·  Irish Red Ale  ·  Equilibrado / Conector;11;Escudo de Casca;Defesa;Baixo;🛡️×3. Ao ser destruído, cure 1 de vida.;;3;1;39  ✓;Escudo de madeira viva com raízes entrelaçadas e folhas brilhando suavemente. Proteção natural orgânica. Clareira ao fundo.
Sangue de Druida  ·  Irish Red Ale  ·  Equilibrado / Conector;12;Escudo de Casca;Defesa;Baixo;🛡️×3. Ao ser destruído, cure 1 de vida.;;3;1;39  ✓;Escudo de madeira viva com raízes entrelaçadas e folhas brilhando suavemente. Proteção natural orgânica. Clareira ao fundo.
Sangue de Druida  ·  Irish Red Ale  ·  Equilibrado / Conector;13;Muralha de Espinhos;Defesa;Baixo;🛡️×2. Ao ser destruído, cause 1 de dano ao atacante.;;2;;52  ✓;Parede densa de espinhos negros com gotas de orvalho que parecem sangue. Ameaçadora e defensiva. Floresta escura ao fundo.
Sangue de Druida  ·  Irish Red Ale  ·  Equilibrado / Conector;14;Muralha de Espinhos;Defesa;Baixo;🛡️×2. Ao ser destruído, cause 1 de dano ao atacante.;;2;;52  ✓;Parede densa de espinhos negros com gotas de orvalho que parecem sangue. Ameaçadora e defensiva. Floresta escura ao fundo.
Sangue de Druida  ·  Irish Red Ale  ·  Equilibrado / Conector;15;Raiz Anciã;Defesa;Médio;🛡️×4. Permanente até ser destruído.;;4;;35  ✓;Raízes gigantescas de árvore milenar emergindo do chão, formando barreira viva impenetrável. Textura de madeira rica e densa.
Sangue de Druida  ·  Irish Red Ale  ·  Equilibrado / Conector;16;Seiva Curativa;Cura;Baixo;Cure 3 de vida.;;;3;15  ✓;Frasco de madeira com seiva dourada brilhando como mel, pingos caindo em folhas. Clareira iluminada pela manhã.
Sangue de Druida  ·  Irish Red Ale  ·  Equilibrado / Conector;17;Seiva Curativa;Cura;Baixo;Cure 3 de vida.;;;3;15  ✓;Frasco de madeira com seiva dourada brilhando como mel, pingos caindo em folhas. Clareira iluminada pela manhã.
Sangue de Druida  ·  Irish Red Ale  ·  Equilibrado / Conector;18;Círculo de Renovação;Cura;Baixo;Cure 2 de vida em si mesmo e em um aliado.;;;2;42  ✓;Círculo de pedras antigas em clareira, raízes luminosas formando símbolos druídicos no chão. Luz suave e etérea.
Sangue de Druida  ·  Irish Red Ale  ·  Equilibrado / Conector;19;Círculo de Renovação;Cura;Baixo;Cure 2 de vida em si mesmo e em um aliado.;;;2;42  ✓;Círculo de pedras antigas em clareira, raízes luminosas formando símbolos druídicos no chão. Luz suave e etérea.
Sangue de Druida  ·  Irish Red Ale  ·  Equilibrado / Conector;20;Bênção da Floresta;Cura;Baixo;Cure 1 de vida. Compre 1 carta.;;;1;31  ✓;Folhas caindo suavemente sobre viajante cansado, luz solar filtrada pelas copas das árvores. Sensação de renovação e paz.
Sangue de Druida  ·  Irish Red Ale  ·  Equilibrado / Conector;21;Bênção da Floresta;Cura;Baixo;Cure 1 de vida. Compre 1 carta.;;;1;31  ✓;Folhas caindo suavemente sobre viajante cansado, luz solar filtrada pelas copas das árvores. Sensação de renovação e paz.
Sangue de Druida  ·  Irish Red Ale  ·  Equilibrado / Conector;22;Espírito da Floresta;Cura;Médio;Cure 5 de vida.;;;5;15  ✓;Forma etérea feminina de folhas e luz, cercada por espíritos animais (lobo, coruja, cervo). Floresta encantada ao fundo.
Sangue de Druida  ·  Irish Red Ale  ·  Equilibrado / Conector;23;Ciclo das Estações;Habilidade;Baixo;Compre 2 cartas. Depois jogue 1 carta adicional neste turno.;;;;60  ✓;Quatro símbolos em círculo: folha verde, sol dourado, fruto vermelho, cristal de gelo. Transições suaves entre estações.
Sangue de Druida  ·  Irish Red Ale  ·  Equilibrado / Conector;24;Ciclo das Estações;Habilidade;Baixo;Compre 2 cartas. Depois jogue 1 carta adicional neste turno.;;;;60  ✓;Quatro símbolos em círculo: folha verde, sol dourado, fruto vermelho, cristal de gelo. Transições suaves entre estações.
Sangue de Druida  ·  Irish Red Ale  ·  Equilibrado / Conector;25;Comunhão com a Natureza;Habilidade;Baixo;Olhe as 3 cartas do topo do baralho. Coloque 1 na mão, as demais de volta em qualquer ordem.;;;;92  ✓;Druida ajoelhado tocando o chão, raízes luminosas conectando às mãos. Cartas como folhas flutuando na visão.
Sangue de Druida  ·  Irish Red Ale  ·  Equilibrado / Conector;26;Comunhão com a Natureza;Habilidade;Baixo;Olhe as 3 cartas do topo do baralho. Coloque 1 na mão, as demais de volta em qualquer ordem.;;;;92  ✓;Druida ajoelhado tocando o chão, raízes luminosas conectando às mãos. Cartas como folhas flutuando na visão.
Sangue de Druida  ·  Irish Red Ale  ·  Equilibrado / Conector;27;Pacto Druídico;Habilidade;Médio;Recupere 1 carta do descarte e jogue-a imediatamente.;;;;53  ✓;Símbolo druídico brilhando em verde, mãos invocando uma carta do descarte com raízes que a puxam de volta ao presente.
Sangue de Druida  ·  Irish Red Ale  ·  Equilibrado / Conector;28;Lamento da Floresta;Habilidade;Médio;Todos os oponentes descartam 1 carta. Você compra 1 carta.;;;;58  ✓;Árvores chorando seiva escura, vento sacudindo folhas, expressão de tristeza na paisagem florestal noturna. Lua vermelha.
Sangue de Druida  ·  Irish Red Ale  ·  Equilibrado / Conector;29;Fúria Primal;Especial;Alto;Jogue mais 1 carta neste turno. Todos os seus ataques neste turno causam +1 de dano.;;;;84  ✓;Druida em transe com olhos verdes intensos, cabelos e vestes flutuando em vendaval de força natural. Clareira de poder.
Sangue de Druida  ·  Irish Red Ale  ·  Equilibrado / Conector;30;Despertar da Floresta;Especial;Alto;Cause 3 de dano a um oponente. Cure 3 de vida. Compre 1 carta.;3;;3;62  ✓;Árvore anciã despertando, raízes se movendo como tentáculos, folhas em espiral. Luz dourada da manhã inundando a cena.
Elixir da Dríade  ·  Session Juice IPA  ·  Curativo / Protetor;1;Espinho Curativo;Ataque;Baixo;Cause 2 de dano. Cure 1 de vida.;2;;1;32  ✓;Espinho esmeralda lançado deixando rastro de luz curativa. Dríade sorridente ao fundo entre flores. Floresta iluminada.
Elixir da Dríade  ·  Session Juice IPA  ·  Curativo / Protetor;2;Espinho Curativo;Ataque;Baixo;Cause 2 de dano. Cure 1 de vida.;2;;1;32  ✓;Espinho esmeralda lançado deixando rastro de luz curativa. Dríade sorridente ao fundo entre flores. Floresta iluminada.
Elixir da Dríade  ·  Session Juice IPA  ·  Curativo / Protetor;3;Espinho Curativo;Ataque;Baixo;Cause 2 de dano. Cure 1 de vida.;2;;1;32  ✓;Espinho esmeralda lançado deixando rastro de luz curativa. Dríade sorridente ao fundo entre flores. Floresta iluminada.
Elixir da Dríade  ·  Session Juice IPA  ·  Curativo / Protetor;4;Enredar;Ataque;Baixo;Cause 1 de dano. O oponente não pode jogar cartas de ataque no próximo turno.;1;;;77  ✓;Raízes finas envolvendo braços e pernas de guerreiro, folhas verdes brilhando suavemente. Floresta densa ao fundo.
Elixir da Dríade  ·  Session Juice IPA  ·  Curativo / Protetor;5;Enredar;Ataque;Baixo;Cause 1 de dano. O oponente não pode jogar cartas de ataque no próximo turno.;1;;;77  ✓;Raízes finas envolvendo braços e pernas de guerreiro, folhas verdes brilhando suavemente. Floresta densa ao fundo.
Elixir da Dríade  ·  Session Juice IPA  ·  Curativo / Protetor;6;Florescer;Ataque;Baixo;Cause 2 de dano. Se você curou alguém neste turno, cause +2 (total 4).;2;;;70  ✓;Flores desabrochando em explosão de pólen dourado, pétalas formando lâminas giratórias. Luz solar filtrada pela copa.
Elixir da Dríade  ·  Session Juice IPA  ·  Curativo / Protetor;7;Florescer;Ataque;Baixo;Cause 2 de dano. Se você curou alguém neste turno, cause +2 (total 4).;2;;;70  ✓;Flores desabrochando em explosão de pólen dourado, pétalas formando lâminas giratórias. Luz solar filtrada pela copa.
Elixir da Dríade  ·  Session Juice IPA  ·  Curativo / Protetor;8;Chuva de Pétalas;Ataque;Médio;Cause 3 de dano em todos os oponentes. Cure 1 de vida por oponente atingido.;3;;1;76  ✓;Pétalas caindo em espiral, cada uma brilhando como lâmina e curando ao tocar o chão. Atmosfera de renovação e poder.
Elixir da Dríade  ·  Session Juice IPA  ·  Curativo / Protetor;9;Chuva de Pétalas;Ataque;Médio;Cause 3 de dano em todos os oponentes. Cure 1 de vida por oponente atingido.;3;;1;76  ✓;Pétalas caindo em espiral, cada uma brilhando como lâmina e curando ao tocar o chão. Atmosfera de renovação e poder.
Elixir da Dríade  ·  Session Juice IPA  ·  Curativo / Protetor;10;Seiva Curativa (Ataque);Ataque;Médio;Cause 2 de dano. Cure 3 de vida.;2;;3;32  ✓;Mãos de dríade vertendo seiva dourada tocando flor desabrochando. Ambiente de clareira sagrada com luz dourada intensa.
Elixir da Dríade  ·  Session Juice IPA  ·  Curativo / Protetor;11;Casca Protetora;Defesa;Baixo;🛡️×3. Quando destruída, cure 1 de vida.;;3;1;39  ✓;Casca de árvore antiga formando escudo, musgo e liquens crescendo na superfície. Textura rica e viva de madeira centenária.
Elixir da Dríade  ·  Session Juice IPA  ·  Curativo / Protetor;12;Casca Protetora;Defesa;Baixo;🛡️×3. Quando destruída, cure 1 de vida.;;3;1;39  ✓;Casca de árvore antiga formando escudo, musgo e liquens crescendo na superfície. Textura rica e viva de madeira centenária.
Elixir da Dríade  ·  Session Juice IPA  ·  Curativo / Protetor;13;Muralha Verde;Defesa;Baixo;🛡️×2. Pode proteger um aliado (transferir dano para esta defesa).;;2;;65  ✓;Parede de folhas entrelaçadas com luz esverdeada, pequenas flores brancas surgindo entre as folhas. Sensação de união.
Elixir da Dríade  ·  Session Juice IPA  ·  Curativo / Protetor;14;Muralha Verde;Defesa;Baixo;🛡️×2. Pode proteger um aliado (transferir dano para esta defesa).;;2;;65  ✓;Parede de folhas entrelaçadas com luz esverdeada, pequenas flores brancas surgindo entre as folhas. Sensação de união.
Elixir da Dríade  ·  Session Juice IPA  ·  Curativo / Protetor;15;Coroa de Espinhos;Defesa;Médio;🛡️×4. Ao ser destruída, cause 2 de dano ao atacante.;;4;;52  ✓;Coroa de espinhos entrelaçados com flores vermelhas, espinhos brilhando em vermelho ao receber dano. Sacrifício e beleza.
Elixir da Dríade  ·  Session Juice IPA  ·  Curativo / Protetor;16;Néctar Sagrado;Cura;Baixo;Cure 3 de vida em você ou em um aliado.;;;3;39  ✓;Taça de madeira entalhada com néctar dourado brilhando, pingos caindo em gotas luminosas. Luz quente e acolhedora.
Elixir da Dríade  ·  Session Juice IPA  ·  Curativo / Protetor;17;Néctar Sagrado;Cura;Baixo;Cure 3 de vida em você ou em um aliado.;;;3;39  ✓;Taça de madeira entalhada com néctar dourado brilhando, pingos caindo em gotas luminosas. Luz quente e acolhedora.
Elixir da Dríade  ·  Session Juice IPA  ·  Curativo / Protetor;18;Abraço da Dríade;Cura;Baixo;Cure 2 de vida. O aliado curado compra 1 carta.;;;2;47  ✓;Dríade envolvendo viajante em braços de folhas e galhos, luz verde curativa envolvendo os dois. Bosque sagrado ao fundo.
Elixir da Dríade  ·  Session Juice IPA  ·  Curativo / Protetor;19;Abraço da Dríade;Cura;Baixo;Cure 2 de vida. O aliado curado compra 1 carta.;;;2;47  ✓;Dríade envolvendo viajante em braços de folhas e galhos, luz verde curativa envolvendo os dois. Bosque sagrado ao fundo.
Elixir da Dríade  ·  Session Juice IPA  ·  Curativo / Protetor;20;Renovação;Cura;Baixo;Cure 1 de vida. Se você curou alguém neste turno, cure +3 (total 4).;;;1;68  ✓;Folha seca se transformando em broto verde, gotas de orvalho brilhando sob o sol da manhã. Ciclo de renovação da natureza.
Elixir da Dríade  ·  Session Juice IPA  ·  Curativo / Protetor;21;Renovação;Cura;Baixo;Cure 1 de vida. Se você curou alguém neste turno, cure +3 (total 4).;;;1;68  ✓;Folha seca se transformando em broto verde, gotas de orvalho brilhando sob o sol da manhã. Ciclo de renovação da natureza.
Elixir da Dríade  ·  Session Juice IPA  ·  Curativo / Protetor;22;Coração da Floresta;Cura;Médio;Cure 5 de vida em todos os aliados (incluindo você).;;;5;52  ✓;Coração pulsante de árvore anciã, energia verde irradiando em ondas, espíritos florestais se aquecendo ao redor.
Elixir da Dríade  ·  Session Juice IPA  ·  Curativo / Protetor;23;Sabedoria Antiga;Habilidade;Baixo;Compre 2 cartas.;;;;16  ✓;Livro antigo de capa de madeira, páginas iluminadas com símbolos druídicos, folhas servindo como marcadores.
Elixir da Dríade  ·  Session Juice IPA  ·  Curativo / Protetor;24;Sabedoria Antiga;Habilidade;Baixo;Compre 2 cartas.;;;;16  ✓;Livro antigo de capa de madeira, páginas iluminadas com símbolos druídicos, folhas servindo como marcadores.
Elixir da Dríade  ·  Session Juice IPA  ·  Curativo / Protetor;25;Polinização;Habilidade;Baixo;Escolha um oponente: ele descarta 1 carta. Você compra 1 carta.;;;;63  ✓;Abelhas douradas voando entre flores, pólen brilhante se espalhando. Atmosfera de primavera, renovação e movimento.
Elixir da Dríade  ·  Session Juice IPA  ·  Curativo / Protetor;26;Polinização;Habilidade;Baixo;Escolha um oponente: ele descarta 1 carta. Você compra 1 carta.;;;;63  ✓;Abelhas douradas voando entre flores, pólen brilhante se espalhando. Atmosfera de primavera, renovação e movimento.
Elixir da Dríade  ·  Session Juice IPA  ·  Curativo / Protetor;27;Sinfonia da Floresta;Habilidade;Médio;Todos os aliados (incluindo você) compram 1 carta.;;;;50  ✓;Espíritos florestais tocando instrumentos naturais (folhas como flautas, galhos como percussão), ondas sonoras visíveis.
Elixir da Dríade  ·  Session Juice IPA  ·  Curativo / Protetor;28;Raízes Ancestrais;Habilidade;Médio;Pegue 1 carta do descarte de qualquer jogador e coloque na mão.;;;;63  ✓;Raízes grossas emergindo do chão, envolvendo grimório enterrado, puxando-o para a superfície. Terra rica e densa.
Elixir da Dríade  ·  Session Juice IPA  ·  Curativo / Protetor;29;Despertar da Flora;Especial;Alto;Cure 3 de vida em todos os aliados. Cause 2 de dano em todos os oponentes.;2;;3;74  ✓;Explosão de vida vegetal, flores gigantes desabrochando, videiras se erguendo, luz dourada intensa inundando a cena.
Elixir da Dríade  ·  Session Juice IPA  ·  Curativo / Protetor;30;Pacto da Vida;Especial;Alto;Escolha um aliado (pode ser você). Cure 6 de vida nele. Você sofre 2 de dano.;;;6;77  ✓;Dríade e guerreiro com mãos unidas por feixes de luz verde e vermelha. Atmosfera de sacrifício e união sagrada.
Orvalho de Valirian  ·  Witbier  ·  Ágil / Surpresa;1;Gota Matinal;Ataque;Baixo;Cause 1 de dano.;1;;;16  ✓;Gota de orvalho brilhando em folha, refletindo o nascer do sol. Cores mornas e suaves. Campo de trigo ao amanhecer.
Orvalho de Valirian  ·  Witbier  ·  Ágil / Surpresa;2;Gota Matinal;Ataque;Baixo;Cause 1 de dano.;1;;;16  ✓;Gota de orvalho brilhando em folha, refletindo o nascer do sol. Cores mornas e suaves. Campo de trigo ao amanhecer.
Orvalho de Valirian  ·  Witbier  ·  Ágil / Surpresa;3;Gota Matinal;Ataque;Baixo;Cause 1 de dano.;1;;;16  ✓;Gota de orvalho brilhando em folha, refletindo o nascer do sol. Cores mornas e suaves. Campo de trigo ao amanhecer.
Orvalho de Valirian  ·  Witbier  ·  Ágil / Surpresa;4;Gota Matinal;Ataque;Baixo;Cause 1 de dano.;1;;;16  ✓;Gota de orvalho brilhando em folha, refletindo o nascer do sol. Cores mornas e suaves. Campo de trigo ao amanhecer.
Orvalho de Valirian  ·  Witbier  ·  Ágil / Surpresa;5;Brisa Suave;Ataque;Baixo;Cause 1 de dano. Compre 1 carta.;1;;;32  ✓;Vento suave balançando campos de trigo, folhas voando. Sensação de frescor e movimento livre. Céu azul da manhã.
Orvalho de Valirian  ·  Witbier  ·  Ágil / Surpresa;6;Brisa Suave;Ataque;Baixo;Cause 1 de dano. Compre 1 carta.;1;;;32  ✓;Vento suave balançando campos de trigo, folhas voando. Sensação de frescor e movimento livre. Céu azul da manhã.
Orvalho de Valirian  ·  Witbier  ·  Ágil / Surpresa;7;Brisa Suave;Ataque;Baixo;Cause 1 de dano. Compre 1 carta.;1;;;32  ✓;Vento suave balançando campos de trigo, folhas voando. Sensação de frescor e movimento livre. Céu azul da manhã.
Orvalho de Valirian  ·  Witbier  ·  Ágil / Surpresa;8;Lufada Repentina;Ataque;Baixo;Cause 2 de dano. Você pode jogar uma carta adicional neste turno.;2;;;65  ✓;Rajada de vento forte levantando poeira e folhas, cabelos esvoaçando. Sensação de urgência e movimento repentino.
Orvalho de Valirian  ·  Witbier  ·  Ágil / Surpresa;9;Lufada Repentina;Ataque;Baixo;Cause 2 de dano. Você pode jogar uma carta adicional neste turno.;2;;;65  ✓;Rajada de vento forte levantando poeira e folhas, cabelos esvoaçando. Sensação de urgência e movimento repentino.
Orvalho de Valirian  ·  Witbier  ·  Ágil / Surpresa;10;Lufada Repentina;Ataque;Baixo;Cause 2 de dano. Você pode jogar uma carta adicional neste turno.;2;;;65  ✓;Rajada de vento forte levantando poeira e folhas, cabelos esvoaçando. Sensação de urgência e movimento repentino.
Orvalho de Valirian  ·  Witbier  ·  Ágil / Surpresa;11;Chuva de Cristais;Ataque;Médio;Cause 2 de dano em todos os oponentes.;2;;;38  ✓;Cristais de gelo caindo como chuva, refletindo sol em arco-íris. Atmosfera mágica e refrescante. Montanhas ao fundo.
Orvalho de Valirian  ·  Witbier  ·  Ágil / Surpresa;12;Chuva de Cristais;Ataque;Médio;Cause 2 de dano em todos os oponentes.;2;;;38  ✓;Cristais de gelo caindo como chuva, refletindo sol em arco-íris. Atmosfera mágica e refrescante. Montanhas ao fundo.
Orvalho de Valirian  ·  Witbier  ·  Ágil / Surpresa;13;Espelho d'Água;Defesa;Baixo;🛡️×2. Quando destruída, compre 1 carta.;;2;;39  ✓;Poça d'água cristalina refletindo o céu perfeitamente, superfície imóvel. Sensação de calma e proteção espelhada.
Orvalho de Valirian  ·  Witbier  ·  Ágil / Surpresa;14;Espelho d'Água;Defesa;Baixo;🛡️×2. Quando destruída, compre 1 carta.;;2;;39  ✓;Poça d'água cristalina refletindo o céu perfeitamente, superfície imóvel. Sensação de calma e proteção espelhada.
Orvalho de Valirian  ·  Witbier  ·  Ágil / Surpresa;15;Escudo de Névoa;Defesa;Baixo;🛡️×3. Reduz dano de ataques de área em -1 adicional.;;3;;52  ✓;Névoa densa formando barreira, silhuetas vagas atrás da cortina de vapor. Atmosfera misteriosa e protetora do amanhecer.
Orvalho de Valirian  ·  Witbier  ·  Ágil / Surpresa;16;Escudo de Névoa;Defesa;Baixo;🛡️×3. Reduz dano de ataques de área em -1 adicional.;;3;;52  ✓;Névoa densa formando barreira, silhuetas vagas atrás da cortina de vapor. Atmosfera misteriosa e protetora do amanhecer.
Orvalho de Valirian  ·  Witbier  ·  Ágil / Surpresa;17;Manto de Orvalho;Defesa;Médio;🛡️×4. Quando destruído, cure 1 de vida.;;4;1;39  ✓;Manto translúcido coberto de gotículas brilhantes, luz suave refletindo nas gotas. Sensação de renovação e leveza.
Orvalho de Valirian  ·  Witbier  ·  Ágil / Surpresa;18;Gotas Refrescantes;Cura;Baixo;Cure 2 de vida.;;;2;15  ✓;Gotas de água cristalina caindo em mãos abertas, respingos brilhando. Sensação de alívio e frescor da manhã.
Orvalho de Valirian  ·  Witbier  ·  Ágil / Surpresa;19;Gotas Refrescantes;Cura;Baixo;Cure 2 de vida.;;;2;15  ✓;Gotas de água cristalina caindo em mãos abertas, respingos brilhando. Sensação de alívio e frescor da manhã.
Orvalho de Valirian  ·  Witbier  ·  Ágil / Surpresa;20;Gotas Refrescantes;Cura;Baixo;Cure 2 de vida.;;;2;15  ✓;Gotas de água cristalina caindo em mãos abertas, respingos brilhando. Sensação de alívio e frescor da manhã.
Orvalho de Valirian  ·  Witbier  ·  Ágil / Surpresa;21;Orvalho Matinal;Cura;Baixo;Cure 3 de vida. Se esta foi a 1ª carta do turno, cure +2 (total 5).;;;3;67  ✓;Folhas cobertas de orvalho brilhando com primeiros raios de sol, gotas caindo suavemente. Atmosfera de renovação pura.
Orvalho de Valirian  ·  Witbier  ·  Ágil / Surpresa;22;Orvalho Matinal;Cura;Baixo;Cure 3 de vida. Se esta foi a 1ª carta do turno, cure +2 (total 5).;;;3;67  ✓;Folhas cobertas de orvalho brilhando com primeiros raios de sol, gotas caindo suavemente. Atmosfera de renovação pura.
Orvalho de Valirian  ·  Witbier  ·  Ágil / Surpresa;23;Fonte da Juventude;Cura;Médio;Cure 5 de vida.;;;5;15  ✓;Fonte antiga de pedra com água cristalina em tons azulados, luz suave emergindo da água. Sensação de pureza e eternidade.
Orvalho de Valirian  ·  Witbier  ·  Ágil / Surpresa;24;Agilidade Felina;Habilidade;Baixo;Compre 1 carta. Você pode jogar uma carta adicional neste turno.;;;;64  ✓;Silhueta felina em movimento com rastro de luz mostrando trajetória ágil. Velocidade e graça no início do amanhecer.
Orvalho de Valirian  ·  Witbier  ·  Ágil / Surpresa;25;Agilidade Felina;Habilidade;Baixo;Compre 1 carta. Você pode jogar uma carta adicional neste turno.;;;;64  ✓;Silhueta felina em movimento com rastro de luz mostrando trajetória ágil. Velocidade e graça no início do amanhecer.
Orvalho de Valirian  ·  Witbier  ·  Ágil / Surpresa;26;Reflexos Rápidos;Habilidade;Baixo;Escolha um oponente: ele descarta 1 carta. Você compra 1 carta.;;;;63  ✓;Mãos em movimento quase borradas, pegando carta no ar antes do oponente. Sensação de velocidade e reflexo puro.
Orvalho de Valirian  ·  Witbier  ·  Ágil / Surpresa;27;Reflexos Rápidos;Habilidade;Baixo;Escolha um oponente: ele descarta 1 carta. Você compra 1 carta.;;;;63  ✓;Mãos em movimento quase borradas, pegando carta no ar antes do oponente. Sensação de velocidade e reflexo puro.
Orvalho de Valirian  ·  Witbier  ·  Ágil / Surpresa;28;Dança das Águas;Habilidade;Médio;Compre 2 cartas. Você pode jogar uma carta adicional neste turno.;;;;65  ✓;Figura dançando sobre a água, respingos formando padrões circulares, luz refletindo no movimento fluido e gracioso.
Orvalho de Valirian  ·  Witbier  ·  Ágil / Surpresa;29;Vendaval;Especial;Alto;Jogue 2 cartas adicionais neste turno. Todas as cartas jogadas neste turno custam 0 ação.;;;;89  ✓;Ventania intensa, folhas e objetos voando, figura central imóvel no olho do furacão. Energia e caos perfeitamente controlado.
Orvalho de Valirian  ·  Witbier  ·  Ágil / Surpresa;30;Aurora Cristalina;Especial;Alto;Cause 2 de dano em todos os oponentes. Cure 2 de vida. Compre 2 cartas.;2;;2;71  ✓;Aurora boreal refletindo em cristais de gelo, luzes azuis e verdes dançando no céu. Espetáculo de cores e renovação mágica.
Juramento do Aventureiro  ·  Amber Ale  ·  Versátil / Adaptável;1;Espada Juramentada;Ataque;Baixo;Cause 3 de dano.;3;;;16  ✓;Espada longa com punho entalhado, lâmina brilhando com luz dourada, pedra preciosa no cabo. Heráldica medieval ao fundo.
Juramento do Aventureiro  ·  Amber Ale  ·  Versátil / Adaptável;2;Espada Juramentada;Ataque;Baixo;Cause 3 de dano.;3;;;16  ✓;Espada longa com punho entalhado, lâmina brilhando com luz dourada, pedra preciosa no cabo. Heráldica medieval ao fundo.
Juramento do Aventureiro  ·  Amber Ale  ·  Versátil / Adaptável;3;Espada Juramentada;Ataque;Baixo;Cause 3 de dano.;3;;;16  ✓;Espada longa com punho entalhado, lâmina brilhando com luz dourada, pedra preciosa no cabo. Heráldica medieval ao fundo.
Juramento do Aventureiro  ·  Amber Ale  ·  Versátil / Adaptável;4;Golpe do Herói;Ataque;Baixo;Cause 2 de dano. Se você escolheu Ataque no Código do Aventureiro, cause +1 (total 3).;2;;;86  ✓;Guerreiro em pose heroica, espada erguida, luz do sol atrás criando silhueta imponente. Batalha épica ao fundo.
Juramento do Aventureiro  ·  Amber Ale  ·  Versátil / Adaptável;5;Golpe do Herói;Ataque;Baixo;Cause 2 de dano. Se você escolheu Ataque no Código do Aventureiro, cause +1 (total 3).;2;;;86  ✓;Guerreiro em pose heroica, espada erguida, luz do sol atrás criando silhueta imponente. Batalha épica ao fundo.
Juramento do Aventureiro  ·  Amber Ale  ·  Versátil / Adaptável;6;Golpe do Herói;Ataque;Baixo;Cause 2 de dano. Se você escolheu Ataque no Código do Aventureiro, cause +1 (total 3).;2;;;86  ✓;Guerreiro em pose heroica, espada erguida, luz do sol atrás criando silhueta imponente. Batalha épica ao fundo.
Juramento do Aventureiro  ·  Amber Ale  ·  Versátil / Adaptável;7;Escudo da Irmandade;Ataque;Baixo;Cause 2 de dano. Reduza em 1 o próximo dano que um aliado sofrer.;2;;;65  ✓;Escudeiro erguendo escudo para proteger companheiro, postura defensiva com contra-ataque iminente. Fortaleza ao fundo.
Juramento do Aventureiro  ·  Amber Ale  ·  Versátil / Adaptável;8;Escudo da Irmandade;Ataque;Baixo;Cause 2 de dano. Reduza em 1 o próximo dano que um aliado sofrer.;2;;;65  ✓;Escudeiro erguendo escudo para proteger companheiro, postura defensiva com contra-ataque iminente. Fortaleza ao fundo.
Juramento do Aventureiro  ·  Amber Ale  ·  Versátil / Adaptável;9;Ataque Coordenado;Ataque;Médio;Cause 2 de dano. Um aliado à escolha pode jogar 1 carta adicional neste turno.;2;;;78  ✓;Dois guerreiros atacando em sincronia, espadas cruzadas, movimento coordenado e preciso. Parceria e estratégia em batalha.
Juramento do Aventureiro  ·  Amber Ale  ·  Versátil / Adaptável;10;Ataque Coordenado;Ataque;Médio;Cause 2 de dano. Um aliado à escolha pode jogar 1 carta adicional neste turno.;2;;;78  ✓;Dois guerreiros atacando em sincronia, espadas cruzadas, movimento coordenado e preciso. Parceria e estratégia em batalha.
Juramento do Aventureiro  ·  Amber Ale  ·  Versátil / Adaptável;11;Escudo da Irmandade (Def);Defesa;Baixo;🛡️×3. Protege a si mesmo e um aliado à escolha (divide o dano igualmente).;;3;;74  ✓;Escudo grande com símbolo de irmandade, dois guerreiros atrás em postura de proteção mútua. Lealdade e defesa coletiva.
Juramento do Aventureiro  ·  Amber Ale  ·  Versátil / Adaptável;12;Escudo da Irmandade (Def);Defesa;Baixo;🛡️×3. Protege a si mesmo e um aliado à escolha (divide o dano igualmente).;;3;;74  ✓;Escudo grande com símbolo de irmandade, dois guerreiros atrás em postura de proteção mútua. Lealdade e defesa coletiva.
Juramento do Aventureiro  ·  Amber Ale  ·  Versátil / Adaptável;13;Postura de Ferro;Defesa;Baixo;🛡️×2. Se você escolheu Defesa no Código do Aventureiro, absorve +2 (total 4).;;2;;77  ✓;Guerreiro em postura defensiva imóvel, armadura brilhando, determinação no olhar. Solidez e resistência absoluta.
Juramento do Aventureiro  ·  Amber Ale  ·  Versátil / Adaptável;14;Postura de Ferro;Defesa;Baixo;🛡️×2. Se você escolheu Defesa no Código do Aventureiro, absorve +2 (total 4).;;2;;77  ✓;Guerreiro em postura defensiva imóvel, armadura brilhando, determinação no olhar. Solidez e resistência absoluta.
Juramento do Aventureiro  ·  Amber Ale  ·  Versátil / Adaptável;15;Muralha Humana;Defesa;Médio;🛡️×4. Protege todos os aliados.;;4;;31  ✓;Fileira de guerreiros com escudos erguidos formando parede sólida, determinação nos rostos. União e proteção coletiva.
Juramento do Aventureiro  ·  Amber Ale  ·  Versátil / Adaptável;16;Poção da Coragem;Cura;Baixo;Cure 3 de vida. Na próxima vez que atacar, cause +1 de dano.;;;3;60  ✓;Frasco com líquido vermelho-dourado brilhando, mãos segurando com cuidado. Promessa de coragem e força renovada.
Juramento do Aventureiro  ·  Amber Ale  ·  Versátil / Adaptável;17;Poção da Coragem;Cura;Baixo;Cure 3 de vida. Na próxima vez que atacar, cause +1 de dano.;;;3;60  ✓;Frasco com líquido vermelho-dourado brilhando, mãos segurando com cuidado. Promessa de coragem e força renovada.
Juramento do Aventureiro  ·  Amber Ale  ·  Versátil / Adaptável;18;Bálsamo Herbal;Cura;Baixo;Cure 2 de vida. Se você escolheu Cura no Código do Aventureiro, cure +2 (total 4).;;;2;82  ✓;Ervas sendo maceradas em pilão de pedra, óleos essenciais brilhando, mãos habilidosas preparando remédio medicinal.
Juramento do Aventureiro  ·  Amber Ale  ·  Versátil / Adaptável;19;Bálsamo Herbal;Cura;Baixo;Cure 2 de vida. Se você escolheu Cura no Código do Aventureiro, cure +2 (total 4).;;;2;82  ✓;Ervas sendo maceradas em pilão de pedra, óleos essenciais brilhando, mãos habilidosas preparando remédio medicinal.
Juramento do Aventureiro  ·  Amber Ale  ·  Versátil / Adaptável;20;Toque do Clérigo;Cura;Médio;Cure 5 de vida em um aliado (pode ser você).;;;5;44  ✓;Mãos com luvas brancas emanando luz dourada, tocando guerreiro caído. Atmosfera de compaixão e cura divina sagrada.
Juramento do Aventureiro  ·  Amber Ale  ·  Versátil / Adaptável;21;Mapa do Tesouro;Habilidade;Baixo;Compre 2 cartas. Escolha 1 para manter, descarte a outra.;;;;57  ✓;Pergaminho antigo com mapa desenhado, rotas em vermelho, selo de cera quebrado. Aventura e descoberta iminente.
Juramento do Aventureiro  ·  Amber Ale  ·  Versátil / Adaptável;22;Mapa do Tesouro;Habilidade;Baixo;Compre 2 cartas. Escolha 1 para manter, descarte a outra.;;;;57  ✓;Pergaminho antigo com mapa desenhado, rotas em vermelho, selo de cera quebrado. Aventura e descoberta iminente.
Juramento do Aventureiro  ·  Amber Ale  ·  Versátil / Adaptável;23;Planejamento Estratégico;Habilidade;Baixo;Olhe as 3 cartas do topo do baralho. Coloque-as de volta em qualquer ordem.;;;;75  ✓;Mesa com mapas e peças de estratégia, comandante analisando, velas iluminando. Tática e antecipação do campo de batalha.
Juramento do Aventureiro  ·  Amber Ale  ·  Versátil / Adaptável;24;Planejamento Estratégico;Habilidade;Baixo;Olhe as 3 cartas do topo do baralho. Coloque-as de volta em qualquer ordem.;;;;75  ✓;Mesa com mapas e peças de estratégia, comandante analisando, velas iluminando. Tática e antecipação do campo de batalha.
Juramento do Aventureiro  ·  Amber Ale  ·  Versátil / Adaptável;25;Grito de Guerra;Habilidade;Baixo;Cause 1 de dano em todos os oponentes. Todos os aliados compram 1 carta.;1;;;72  ✓;Guerreiro gritando com força, ondas de choque visíveis, bandeiras tremulando ao vento. Motivação e poder de liderança.
Juramento do Aventureiro  ·  Amber Ale  ·  Versátil / Adaptável;26;Grito de Guerra;Habilidade;Baixo;Cause 1 de dano em todos os oponentes. Todos os aliados compram 1 carta.;1;;;72  ✓;Guerreiro gritando com força, ondas de choque visíveis, bandeiras tremulando ao vento. Motivação e poder de liderança.
Juramento do Aventureiro  ·  Amber Ale  ·  Versátil / Adaptável;27;Inspiração;Habilidade;Médio;Um aliado à escolha compra 2 cartas e pode jogar 1 carta adicional neste turno.;;;;79  ✓;Líder erguendo espada, luz dourada irradiando, companheiros se levantando com energia renovada. Liderança e coragem.
Juramento do Aventureiro  ·  Amber Ale  ·  Versátil / Adaptável;28;Sacrifício Heroico;Habilidade;Médio;Sofra 3 de dano. Um aliado à escolha cura 5 de vida.;;;5;52  ✓;Guerreiro se colocando na frente de golpe, escudo erguido, expressão de determinação e sacrifício honroso.
Juramento do Aventureiro  ·  Amber Ale  ·  Versátil / Adaptável;29;Juramento Final;Especial;Alto;Escolha 1 tipo de carta. Todas do tipo têm +2 de efeito pelo resto da partida. Você sofre 2 de dano.;;;;100  ✓;Guerreiro ajoelhado, espada fincada no chão, luz dourada descendo do céu. Juramento solene sendo feito em batalha.
Juramento do Aventureiro  ·  Amber Ale  ·  Versátil / Adaptável;30;Irmandade;Especial;Alto;Escolha um aliado. Vocês trocam Pints de Glória atuais. Cada um cura 2 de vida após a troca.;;;2;92  ✓;Dois guerreiros de mãos dadas, luz conectando os corações, expressão de confiança e união inquebrantável.
Tempestade de Trigo  ·  Weiss  ·  Explosivo / Imprevisível;1;Rajada;Ataque;Baixo;Cause 2 de dano. Se o resultado da passiva foi ímpar neste turno, cause +1 (total 3).;2;;;85  ✓;Vento forte curvando campos de trigo, espigas voando no ar. Energia e imprevisibilidade. Céu dramático ao fundo.
Tempestade de Trigo  ·  Weiss  ·  Explosivo / Imprevisível;2;Rajada;Ataque;Baixo;Cause 2 de dano. Se o resultado da passiva foi ímpar neste turno, cause +1 (total 3).;2;;;85  ✓;Vento forte curvando campos de trigo, espigas voando no ar. Energia e imprevisibilidade. Céu dramático ao fundo.
Tempestade de Trigo  ·  Weiss  ·  Explosivo / Imprevisível;3;Rajada;Ataque;Baixo;Cause 2 de dano. Se o resultado da passiva foi ímpar neste turno, cause +1 (total 3).;2;;;85  ✓;Vento forte curvando campos de trigo, espigas voando no ar. Energia e imprevisibilidade. Céu dramático ao fundo.
Tempestade de Trigo  ·  Weiss  ·  Explosivo / Imprevisível;4;Raio;Ataque;Baixo;Cause 3 de dano. Se o resultado da passiva foi 1-10 neste turno, cause +2 (total 5).;3;;;84  ✓;Raio cortando o céu escuro, iluminando campos de trigo por um instante. Poder bruto e instantâneo da tempestade.
Tempestade de Trigo  ·  Weiss  ·  Explosivo / Imprevisível;5;Raio;Ataque;Baixo;Cause 3 de dano. Se o resultado da passiva foi 1-10 neste turno, cause +2 (total 5).;3;;;84  ✓;Raio cortando o céu escuro, iluminando campos de trigo por um instante. Poder bruto e instantâneo da tempestade.
Tempestade de Trigo  ·  Weiss  ·  Explosivo / Imprevisível;6;Raio;Ataque;Baixo;Cause 3 de dano. Se o resultado da passiva foi 1-10 neste turno, cause +2 (total 5).;3;;;84  ✓;Raio cortando o céu escuro, iluminando campos de trigo por um instante. Poder bruto e instantâneo da tempestade.
Tempestade de Trigo  ·  Weiss  ·  Explosivo / Imprevisível;7;Vendaval;Ataque;Baixo;Cause 1 de dano em todos os oponentes.;1;;;38  ✓;Ventania forte arrancando telhados de palha, objetos voando, pessoas se protegendo. Caos e destruição controlada.
Tempestade de Trigo  ·  Weiss  ·  Explosivo / Imprevisível;8;Vendaval;Ataque;Baixo;Cause 1 de dano em todos os oponentes.;1;;;38  ✓;Ventania forte arrancando telhados de palha, objetos voando, pessoas se protegendo. Caos e destruição controlada.
Tempestade de Trigo  ·  Weiss  ·  Explosivo / Imprevisível;9;Vendaval;Ataque;Baixo;Cause 1 de dano em todos os oponentes.;1;;;38  ✓;Ventania forte arrancando telhados de palha, objetos voando, pessoas se protegendo. Caos e destruição controlada.
Tempestade de Trigo  ·  Weiss  ·  Explosivo / Imprevisível;10;Ciclone;Ataque;Médio;Cause 4 de dano em um oponente e 2 de dano em outro (escolha aleatória).;4;;;72  ✓;Funil de vento girando carregando detritos, dois alvos sendo puxados em direções opostas. Imprevisibilidade e força.
Tempestade de Trigo  ·  Weiss  ·  Explosivo / Imprevisível;11;Ciclone;Ataque;Médio;Cause 4 de dano em um oponente e 2 de dano em outro (escolha aleatória).;4;;;72  ✓;Funil de vento girando carregando detritos, dois alvos sendo puxados em direções opostas. Imprevisibilidade e força.
Tempestade de Trigo  ·  Weiss  ·  Explosivo / Imprevisível;12;Nuvens Negras;Ataque;Médio;Todos os oponentes sofrem 2 de dano. Você sofre 1 de dano.;2;;;58  ✓;Nuvens escuras cobrindo o céu, relâmpagos distantes, chuva iminente. Tensão e presságio de tempestade devastadora.
Tempestade de Trigo  ·  Weiss  ·  Explosivo / Imprevisível;13;Nuvens Negras;Ataque;Médio;Todos os oponentes sofrem 2 de dano. Você sofre 1 de dano.;2;;;58  ✓;Nuvens escuras cobrindo o céu, relâmpagos distantes, chuva iminente. Tensão e presságio de tempestade devastadora.
Tempestade de Trigo  ·  Weiss  ·  Explosivo / Imprevisível;14;Escudo de Vento;Defesa;Baixo;🛡️×3. Reduz dano de ataques de área em -1 adicional.;;3;;52  ✓;Redemoinho de vento envolvendo o personagem, desviando projéteis e objetos. Proteção ativa e dinâmica de vento.
Tempestade de Trigo  ·  Weiss  ·  Explosivo / Imprevisível;15;Escudo de Vento;Defesa;Baixo;🛡️×3. Reduz dano de ataques de área em -1 adicional.;;3;;52  ✓;Redemoinho de vento envolvendo o personagem, desviando projéteis e objetos. Proteção ativa e dinâmica de vento.
Tempestade de Trigo  ·  Weiss  ·  Explosivo / Imprevisível;16;Calmaria;Defesa;Baixo;🛡️×2. Se você não causou dano neste turno, absorve +2 (total 4).;;2;;64  ✓;Mar calmo após a tempestade, céu clareando, arco-íris distante. Paz e renovação após o caos devastador da tempestade.
Tempestade de Trigo  ·  Weiss  ·  Explosivo / Imprevisível;17;Calmaria;Defesa;Baixo;🛡️×2. Se você não causou dano neste turno, absorve +2 (total 4).;;2;;64  ✓;Mar calmo após a tempestade, céu clareando, arco-íris distante. Paz e renovação após o caos devastador da tempestade.
Tempestade de Trigo  ·  Weiss  ·  Explosivo / Imprevisível;18;Olho da Tempestade;Defesa;Médio;🛡️×4. Se você sofreu dano neste turno, reduza +1 (total 5).;;4;;59  ✓;Centro calmo da tempestade, céu azul acima, paredes de nuvens ao redor. Paz perfeita no olho do furacão destruidor.
Tempestade de Trigo  ·  Weiss  ·  Explosivo / Imprevisível;19;Brisa Refrescante;Cura;Baixo;Cure 2 de vida. Se o resultado da passiva foi 11-18, cure +2 (total 4).;;;2;71  ✓;Vento suave balançando flores, pétalas voando no ar, sensação de alívio e frescor. Calmaria benéfica do verão.
Tempestade de Trigo  ·  Weiss  ·  Explosivo / Imprevisível;20;Brisa Refrescante;Cura;Baixo;Cure 2 de vida. Se o resultado da passiva foi 11-18, cure +2 (total 4).;;;2;71  ✓;Vento suave balançando flores, pétalas voando no ar, sensação de alívio e frescor. Calmaria benéfica do verão.
Tempestade de Trigo  ·  Weiss  ·  Explosivo / Imprevisível;21;Brisa Refrescante;Cura;Baixo;Cure 2 de vida. Se o resultado da passiva foi 11-18, cure +2 (total 4).;;;2;71  ✓;Vento suave balançando flores, pétalas voando no ar, sensação de alívio e frescor. Calmaria benéfica do verão.
Tempestade de Trigo  ·  Weiss  ·  Explosivo / Imprevisível;22;Chuvas Benéficas;Cura;Médio;Cure 3 de vida em todos os aliados (incluindo você).;;;3;52  ✓;Chuva suave sobre terra seca, flores desabrochando, folhas verdes brilhando. Renovação e vida após a tempestade.
Tempestade de Trigo  ·  Weiss  ·  Explosivo / Imprevisível;23;Previsão do Tempo;Habilidade;Baixo;Olhe as 3 cartas do topo do baralho. Coloque-as de volta em qualquer ordem. Se a passiva foi 19-20, compre 1 carta extra.;;;;121  ✓;Mago analisando nuvens com instrumentos antigos, cartas de clima sendo consultadas. Antecipação e planejamento tático.
Tempestade de Trigo  ·  Weiss  ·  Explosivo / Imprevisível;24;Previsão do Tempo;Habilidade;Baixo;Olhe as 3 cartas do topo do baralho. Coloque-as de volta em qualquer ordem. Se a passiva foi 19-20, compre 1 carta extra.;;;;121  ✓;Mago analisando nuvens com instrumentos antigos, cartas de clima sendo consultadas. Antecipação e planejamento tático.
Tempestade de Trigo  ·  Weiss  ·  Explosivo / Imprevisível;25;Fúria dos Elementos;Habilidade;Baixo;Escolha um oponente: ele descarta 1 carta. Você compra 1 carta. Se a passiva foi 1-10, você também descarta 1 carta.;;;;116  ✓;Elementais de vento e relâmpago em fúria, energia caótica se espalhando. Imprevisibilidade e poder elemental bruto.
Tempestade de Trigo  ·  Weiss  ·  Explosivo / Imprevisível;26;Fúria dos Elementos;Habilidade;Baixo;Escolha um oponente: ele descarta 1 carta. Você compra 1 carta. Se a passiva foi 1-10, você também descarta 1 carta.;;;;116  ✓;Elementais de vento e relâmpago em fúria, energia caótica se espalhando. Imprevisibilidade e poder elemental bruto.
Tempestade de Trigo  ·  Weiss  ·  Explosivo / Imprevisível;27;Corrente de Ar;Habilidade;Médio;Compre 2 cartas. Se a passiva foi 19-20, compre +2 (total 4).;;;;61  ✓;Fluxo de ar rápido carregando cartas, movimento fluido e contínuo. Velocidade e fluxo de informação e oportunidade.
Tempestade de Trigo  ·  Weiss  ·  Explosivo / Imprevisível;28;Eletricidade Estática;Habilidade;Médio;Todos os oponentes sofrem 1 de dano. Todos os aliados compram 1 carta. Se a passiva foi 1-10, todos sofrem +1.;1;;;110  ✓;Faíscas elétricas saltando entre personagens, cabelos eriçados, energia no ar. Tensão e imprevisibilidade elétrica.
Tempestade de Trigo  ·  Weiss  ·  Explosivo / Imprevisível;29;Trovoada;Especial;Alto;Cause 5 de dano em um oponente. Todos os outros sofrem 2 de dano. Você sofre 2 de dano.;5;;;87  ✓;Raio massivo descendo do céu, explosão de luz, ondas de choque visíveis. Poder absoluto da tempestade devastadora.
Tempestade de Trigo  ·  Weiss  ·  Explosivo / Imprevisível;30;Furacão;Especial;Alto;Todos os oponentes sofrem 3 de dano. Embaralhe todas as mãos de volta aos baralhos. Cada jogador compra 5 cartas.;3;;;113  ✓;Furacão devastador, tudo sendo sugado e reorganizado, caos total seguido de reconstrução. Reinício e renovação total.
